placeholder,placeholder,placeholder,placeholder,placeholder,placeholder,placeholder,placeholder,placeholder,placeholder
9.703129895614389,0.5385991235007843,1.757788981661534,-0.6064569120581029,6.51195756235067,1.9638058485177559,4.142327515480687,1.7409420530557427,2.270251233747998,0.6723347030070164
1.9165752599737393,1.417560246218537,3.613413152407346,6.402196101776225,2.0910173699795447,8.151421941863287,4.938946619997315,4.6150899315799645,1.8620409708413495,0.5550486293289234
-0.7258957859820785,5.546528038859874,3.421821968166824,2.930821583080066,1.1776772692593465,2.8662148380666785,3.3315938895516948,3.6935724844592404,3.007561647497048,5.08811471805368
2.2787744464493773,3.273074393958554,6.119088800757994,4.34966472095822,7.603096842655256,1.0488471355022577,1.2873274169994318,2.921618579943784,2.223601317647497,6.327854297475039
1.7666717738616342,3.5463006444505347,2.6914781135596852,2.2607554122969233,3.1442244505955133,4.3549813111932885,0.4065266948426127,7.175975494238063,3.500958110842559,5.035609714136396
1.4434873643495414,5.538014318099446,4.064687697014371,1.9388113700978904,5.287147857725483,2.264065646608742,4.122034809158025,2.7752686339043597,0.35640258921250734,4.745312776259586
2.3527231027083326,5.938340680545871,7.638262645198407,5.160527843800195,1.9352817725484943,6.330449346674843,4.015163118414424,6.916611916085474,4.640358480268295,2.0536333579380024
5.122897680973402,4.0951492100341405,8.246038520031766,-1.123501541420695,-1.5025660352670513,6.868055948043933,3.9026599552196455,5.63456090530646,0.26047871447848703,9.031419475629603
2.418315407302453,-3.528950977052016,4.866741304682684,7.014806541608605,1.2355351043214033,-0.10481491332522497,0.15445437584112298,2.0786866719639057,5.629417063393582,0.38483881234680606
-1.0184830516598948,1.286836069727415,4.2209431865387455,6.381326222200685,4.830002638658858,-0.9165685126979399,1.7273160291679097,1.010557368457403,3.297297915178567,2.5268333643091623
